Symbol,Market Cap (intraday),Enterprise Value,Trailing P/E,Forward P/E,PEG Ratio (5 yr expected),Price/Sales (ttm),Price/Book (mrq),Enterprise Value/Revenue,Enterprise Value/EBITDA,Beta
A,45.29B,46.9B,49.92,32.38,3.33,7.79,9.42,8.06,30.3,1.01
AAL,12.84B,47.76B,,-286,0.05,1,,3.72,-4.44,1.85
AAP,13.67B,16.37B,22.45,17.1,1.55,1.27,3.87,1.52,13.2,1.38
AAPL,2.43T,2.4T,32.74,27.27,1.53,7.47,35.13,7.38,24.05,1.21
ABBV,208.26B,280.2B,40.48,8.44,2.04,4.15,15.18,5.58,11.42,0.8
ABC,23.69B,24.57B,,10.88,1.04,0.12,,0.12,8.92,0.54
ABMD,14.47B,13.78B,64.6,61.02,7.16,17.07,10.87,16.26,53.79,1.29
ABT,210.82B,222.2B,37.18,25.57,2.12,5.65,6.28,5.95,21.45,0.68
ACN,198.25B,187.3B,34.93,31.74,2.94,4.13,10.25,3.91,23.32,1.1
ADBE,288.23B,281.46B,52.43,43.12,2.62,20.03,20.83,19.56,49.13,0.95
ADI,61.69B,66.93B,39.92,23.96,2.05,9.95,5.07,10.79,24.2,1.25
ADM,33.1B,45.45B,16.09,13.31,1.75,0.48,1.59,0.67,13.65,0.9
ADP,86.77B,87.25B,35.43,31.18,3.68,5.92,15.31,5.96,22.88,0.73
ADSK,65.22B,66.67B,50.79,43.15,1.7,16.75,57.79,17.12,88.3,1.33
AEE,21.12B,33.92B,21.64,20.45,2.78,3.73,2.31,5.99,13.19,0.27
AEP,42.6B,78.67B,18.65,17.15,2.95,2.76,2.03,5.09,13.65,0.26
AES,16.6B,38.63B,,14.92,2.06,1.67,7.11,3.88,10.83,0.79
AFL,36.08B,40.18B,6.82,10.33,1.68,1.58,1.13,1.76,7.53,0.99
AIG,40.1B,60.68B,,9.14,0.32,0.93,0.65,1.41,7.49,1.35
AIZ,9.4B,9.89B,21.63,12.73,0.82,0.93,1.62,0.98,9.57,0.64
AJG,28.7B,31.86B,31.96,25.48,2.22,4.05,4.05,4.5,18.17,0.71
AKAM,18.77B,20.77B,32.35,19,1.77,5.73,4.35,6.34,19.5,0.41
ALB,21.58B,23.67B,55.17,36.32,1.82,6.7,3.75,7.35,28.81,1.55
ALGN,50.84B,48.35B,111.47,50.58,1.94,18.05,14.98,17.17,75.41,1.69
ALK,7.17B,9.13B,,11.88,0.84,2.63,2.49,3.35,-5.31,1.82
ALL,39.6B,43.7B,11.64,9.98,65.54,0.84,1.61,0.92,3.91,0.84
ALLE,12.06B,13.56B,29.32,23.35,3.6,4.4,16.59,4.95,20.87,1.19
ALXN,41.11B,40.6B,60.36,12.98,1.63,6.56,3.31,6.48,12.44,1.28
AMAT,124.57B,125.21B,28.38,18.49,0.84,6.28,10.39,6.32,20.68,1.45
AMCR,17.82B,24.16B,36.93,14.82,1.8,1.42,3.47,1.93,12.28,0.45
AMD,109.67B,111.56B,37.89,33.31,1.35,9.6,16.93,9.77,50.53,2.03
AME,31.18B,32.87B,38.67,26.42,-24.31,6.85,5.09,7.22,24.85,1.33
AMGN,140.67B,165.01B,20.28,13.71,2.46,5.59,15.09,6.56,13.22,0.71
AMP,28.93B,28.57B,,10.84,1.22,2.35,5.26,2.33,25.85,1.68
AMT,126.65B,159.99B,64.62,51.01,2.91,15.43,31.9,19.49,30.72,0.23
AMZN,1.85T,1.88T,69.96,50.9,1.61,4.42,17.94,4.49,32.92,1.15
ANET,28.24B,24.87B,43.36,32.26,2.85,11.47,8.17,10.1,31.16,1.17
ANSS,30.64B,29.49B,66.87,44.72,4.66,17.61,7.45,16.95,48.33,1.21
ANTM,97.48B,79.25B,21.3,14.06,1.12,0.78,2.88,0.64,8.71,1.05
AON,52.27B,60.31B,25.4,18.5,1.71,4.6,12.3,5.3,17.21,0.84
AOS,11.58B,10.97B,29.58,23.44,3.14,3.82,6.16,3.62,19,1.04
APA,7.62B,18.28B,960.48,9.51,-0.29,1.53,,3.68,7.65,4.93
APD,65.51B,66.6B,34.04,26.77,2.61,7.07,5.02,7.19,19.05,0.8
APH,41.79B,42.93B,33.54,27.64,2.5,4.59,7.65,4.71,20.41,1.25
APTV,42.61B,44.32B,23.64,30.89,0.89,3.07,5.38,3.2,24.64,2.13
ARE,27.82B,37.15B,32.87,54.67,764.1,14.28,2.11,19.07,30.45,0.74
ATO,12.91B,19.18B,17.84,18.23,2.79,4.03,1.65,5.99,13.99,0.39
ATVI,72.46B,64.64B,31.5,21,1.55,8.45,4.73,7.54,20.29,0.6
AVB,30.88B,37.24B,38.66,68.92,25.48,13.73,2.89,16.55,27.45,0.95
AVGO,198.57B,222.4B,44.99,16.16,1.98,7.77,8.29,8.7,17.03,0.95
AVY,17.28B,19.27B,27.73,22.78,2.54,2.37,10.93,2.64,16.94,1.02
AWK,30.07B,38.73B,40.99,35.2,4.33,7.87,4.47,10.14,20.28,0.21
AXP,138.67B,140B,28.29,18.91,0.89,4.15,5.67,4.19,,1.28
AZO,33.55B,40.48B,17.1,17,1.25,2.35,,2.84,11.99,0.95
BA,133.45B,179.41B,,41.79,-14.4,2.36,,3.18,-33.18,1.69
BAC,341.57B,112.33B,17.11,12.82,0.53,4.22,1.37,1.39,,1.57
BAX,40.78B,43.86B,39.17,20.17,2.17,3.45,4.82,3.71,16.35,0.68
BBY,27.52B,27.45B,12.88,12.96,1.43,0.55,6.62,0.55,6.97,1.55
BDX,72.3B,83.82B,44.3,18.96,1.75,3.83,2.91,4.44,15.24,0.77
BEN,15.52B,18.99B,19.7,8.92,0.95,2.24,1.49,2.74,10.15,1.28
BF.B,33.77B,37.36B,38.34,37.15,4.84,9.76,12.99,10.79,34.18,0.82
BIIB,52.98B,57.22B,18.24,16.89,-1.72,4.2,4.96,4.54,13.81,0.42
BIO,19.9B,17.36B,4.89,52.53,2.56,7.37,1.86,6.43,26.79,0.81
BK,43.74B,-86.56B,13.33,11.05,0.9,2.82,1.08,-5.57,,1.07
BKNG,89.84B,95.18B,127.97,23.63,0.35,15.9,18.86,16.85,172.75,1.27
BKR,23.3B,25.39B,,19.45,0.07,1.16,,1.26,11,1.73
BLK,138.5B,136.35B,26.31,21.15,1.63,8.2,3.92,8.07,19.64,1.18
BLL,27.68B,34.43B,36.83,20.87,2.1,2.28,7.92,2.84,17.49,0.43
BMY,152.15B,183.4B,,8.39,1.09,3.55,4,4.28,10,0.62
BR,19.54B,20.22B,38.28,26.88,2.45,4.05,12.27,4.19,20.23,0.88
BRK.B,638.82B,-18.22B,0,23.21,1.02,2.57,0,-0.07,-0.12,0.9
BSX,61.18B,69.65B,305.39,23.4,1.65,6.04,3.89,6.88,29.48,0.88
BWA,11.41B,14.13B,24.27,9.49,0.58,0.96,1.79,1.19,7.84,1.57
BXP,18.15B,32.71B,39.74,39.16,6.06,6.74,3.14,12.14,21.36,1.24
C,141.32B,-229.08B,9.38,8.32,0.25,2.18,0.78,-3.53,,1.92
CAG,16.52B,26.96B,13.98,12.92,2.21,1.41,1.98,2.3,10.66,0.82
CAH,16.57B,19.68B,14.62,9.22,1.5,0.11,9.28,0.13,7.26,1.08
CARR,42.78B,48.15B,,21.04,1.16,2.34,,2.64,19.41,
CAT,117.88B,146.95B,34.41,17.92,1.24,2.74,7.11,3.42,18.82,0.92
CB,73.31B,86.92B,13.24,12.75,0.63,1.91,1.24,2.26,15.41,0.71
CBOE,12.41B,13.96B,25.55,21.12,7.8,3.53,4.14,3.97,16.48,0.64
CBRE,27.92B,30.94B,33.4,19.17,1.83,1.17,3.79,1.3,15.48,1.5
CCI,86.61B,110.13B,95.65,63.82,3.54,14.67,9.7,18.65,33.97,0.37
CCL,27.2B,52.11B,,63.47,0.04,32.74,1.31,62.71,-11.68,2.36
CDNS,38.32B,34.76B,58.85,41.23,3.32,13.68,15.07,12.41,40.02,1.04
CDW,24.42B,27.27B,29.43,21.61,2.01,1.29,20.9,1.44,16.58,1.11
CE,17.36B,20.22B,8.64,11.91,0.53,2.9,4.9,3.37,16.62,1.23
CERN,24.02B,23.94B,30.52,21.96,2.01,4.38,5.58,4.37,18.42,0.73
CF,10.68B,16.76B,26.73,16.48,-2.74,2.54,3.52,3.99,10.54,1.28
CFG,19.1B,13.75B,12.59,10.48,-3.56,3.17,0.92,2.28,,1.77
CHD,21.1B,22.75B,27.93,26.39,3.51,4.25,6.57,4.58,20.49,0.38
CHRW,12.32B,14B,20.91,18.3,1.7,0.72,6.61,0.81,16.2,0.71
CHTR,134.08B,225.12B,40.17,25.55,0.99,2.74,6.39,4.61,12.09,0.98
CI,80.7B,106.1B,10.12,10.16,0.97,0.49,1.68,0.65,10.05,0.9
CINF,19.12B,19.14B,6.3,26.32,1.89,1.94,1.72,1.94,4.81,0.66
CL,69.91B,76.14B,26.57,23.54,3.06,4.18,266.58,4.55,17.37,0.6
CLX,22.26B,24.84B,24.86,23.33,7.59,2.96,29.95,3.3,14.54,0.18
CMA,9.62B,-2.49B,11.23,12.98,-0.96,3.28,1.24,-0.85,,1.62
CMCSA,265.64B,351.89B,22.85,15.75,1.02,2.55,2.87,3.38,11.4,1.04
CME,75.56B,80.18B,39.48,28.59,4.65,16.42,2.84,17.42,27.76,0.45
CMG,45.25B,42.94B,112.62,49.55,1.09,7.16,21.58,6.8,65.35,1.35
CMI,35.31B,37.34B,19.07,12.94,0.91,1.69,4.35,1.79,13.68,1.08
CMS,17.37B,34.36B,19.97,20.55,3.38,2.52,3.03,4.98,13.55,0.16
CNC,43.45B,49.31B,17.81,13.06,1.12,0.4,1.65,0.46,8.12,0.47
CNP,13.61B,31.65B,,17.14,3.73,1.75,2.27,4.06,13.57,0.98
COF,73.52B,61.68B,10.64,10,1.73,3.02,1.32,2.53,,1.78
COG,7.07B,7.77B,26.01,11.41,0.26,4.69,3.06,5.15,10.06,0.17
COO,20.15B,21B,8.61,27.77,3.07,7.57,3.27,7.9,25.07,0.82
COP,80.24B,93.52B,9910,15.02,-7.52,3.52,1.86,4.11,15.77,1.76
COST,180.14B,173.99B,41.63,35.52,3.33,0.97,11.51,0.93,20.05,0.64
CPB,13.55B,19.94B,16.82,15.36,6.29,1.51,4.64,2.22,11.54,0.59
CPRT,32.72B,30.74B,39.28,35.19,1.54,13.25,10.07,12.45,26.73,1.03
CRL,19.25B,20.26B,52.02,33.43,2.05,6.33,8.81,6.66,28.23,1.14
CRM,225.04B,215.2B,55.71,56.49,6.12,10.07,5.4,9.63,61.91,1.09
CSCO,224.7B,212.23B,22.04,15.68,2.78,4.6,5.59,4.34,13.91,0.9
CSX,24.01B,90.84B,8.98,19.21,4.59,2.28,1.83,8.62,15.87,1.17
CTAS,40.02B,41.69B,41.7,37.17,2.62,5.8,10.49,6.04,27.27,1.47
CTLT,19.3B,21.27B,38.38,33.14,2.24,5.14,5.2,5.66,24.29,1.45
CTSH,36.23B,36.01B,24.14,15.68,1.68,2.15,3.29,2.14,12.21,1.15
CTVA,31.73B,32.19B,,18.56,1.3,2.2,1.33,2.23,11.85,0.83
CTXS,14.1B,17.24B,34.6,16.51,2.06,4.47,56.12,5.47,26.87,0.1
CVS,107.51B,184.28B,14.54,9.85,2.47,0.4,1.51,0.68,10.18,0.81
CVX,200.38B,248.04B,,15.19,-3.6,2.09,1.52,2.59,19.12,1.32
CZR,20.2B,46.33B,,42.82,-1.25,4.3,4.36,9.88,46.52,3.18
D,60.09B,101.1B,77.12,18.08,3.01,4.26,2.47,7.17,15.77,0.36
DAL,26.44B,51.25B,,10.13,0.52,2.09,54.67,4.05,-5.35,1.46
DD,42.08B,47.97B,18.18,17.93,0.69,2.03,1.55,2.32,9.72,1.3
DE,109.42B,150.35B,24.18,16.87,0.57,2.75,7.25,3.78,18.91,1.05
DFS,38.37B,39.39B,14.09,10.64,0.26,4.78,3.16,4.9,,1.83
DG,51.97B,64.16B,20.23,19.66,2.53,1.54,8.32,1.9,15.31,0.52
DGX,16.42B,20.8B,10.25,16.88,-1.37,1.59,2.62,2.01,7.01,1.03
DHI,31.19B,39.41B,10.03,7.3,0.53,1.29,2.41,1.63,9.5,1.64
DHR,197.4B,208.68B,43.47,30.48,1.78,7.96,5.31,8.41,26.02,0.64
DIS,333.68B,372.47B,,36.58,1.51,5.72,3.9,6.38,57.31,1.2
DISCA,13.69B,34.7B,26.05,8.9,1.23,1.27,1.76,3.22,9.13,1.38
DISCK,14.34B,33.58B,24.46,8.38,0.71,1.33,1.66,3.12,8.84,1.38
DISH,21.24B,33.8B,10.38,14.74,5.34,1.27,1.55,2.02,8.36,2.15
DLR,43.78B,59.45B,99.55,93.67,2.39,10.5,2.62,14.26,27.76,0.11
DLTR,22.73B,31.29B,15.78,14.39,1.99,0.88,3.07,1.22,10.54,0.87
DOV,22.22B,23.67B,30.28,20.29,2.04,3.22,6.35,3.43,17.48,1.35
DOW,46.84B,62.39B,23.69,11.4,-1.67,1.15,3.34,1.53,10.94,1.74
DPZ,18.86B,21.82B,39.42,32.49,2.75,4.46,,5.16,27.25,0.48
DRE,18.64B,22.53B,51.62,66.28,10.02,17.45,3.59,21.1,36.35,0.53
DRI,19.29B,22.5B,,17.7,0.65,3.12,7.49,3.64,45.51,1.53
DTE,22.26B,44.68B,15.61,16.03,4.16,1.72,1.77,3.45,14.44,0.64
DUK,78.1B,144.62B,59.06,18.6,3.89,3.33,1.7,6.17,13.1,0.24
DVA,12.9B,25.85B,18.78,12.72,0.75,1.12,10.42,2.24,11.01,1.29
DVN,19.61B,25.4B,,9.35,0.37,3.66,2.34,4.74,27.32,3.35
DXC,10.12B,12.55B,,9.42,-0.91,0.56,1.79,0.69,4.96,2.51
DXCM,43.17B,35.16B,85.76,134.45,10.41,21.3,22.68,17.35,93.91,0.75
EA,41.2B,34B,35.41,20.18,0.92,7.27,5.19,6,23.76,0.9
EBAY,46.83B,48.44B,16.67,15.21,1.18,4.19,12.42,4.34,13.35,1.14
ECL,60.83B,66.04B,,34.65,2.77,5.22,9.67,5.67,27.03,0.99
ED,25.99B,49.65B,21.43,16.1,6.22,2.05,1.31,3.91,11.03,0.15
EFX,29.82B,32.5B,49.7,29.21,3.61,6.81,8.99,7.41,25.29,1.34
EIX,21.75B,49.45B,26.52,12.14,3.81,1.58,1.54,3.6,10.29,0.61
EL,116.23B,111.77B,84.89,44.91,1.89,7.9,21.03,7.6,35.28,0.94
EMN,15.48B,21.21B,31.46,12.41,0.74,1.79,2.48,2.45,13.55,1.52
EMR,58.65B,63.1B,27.59,22.33,2.23,3.44,6.42,3.7,16.76,1.55
ENPH,24.98B,34.22B,273.49,68.17,2.08,28.69,34.08,39.31,153.07,1.24
EOG,48.29B,47.2B,,12.2,0.2,4.86,2.38,4.75,9.44,2.18
EQIX,73.73B,84.84B,180.65,92.37,2.45,12.06,6.97,13.87,32.6,0.28
EQR,30.39B,38.77B,45.83,88.32,16.53,12.22,2.95,15.59,25.58,0.79
ES,28.48B,46.07B,23.01,20.28,3.43,3.04,2,4.92,14.79,0.31
ESS,20.83B,26.34B,49.48,73.85,7.4,13.75,3.46,17.38,26.93,0.75
ETN,61.38B,66.17B,43.33,22.32,1.41,3.46,4.09,3.73,24.25,1.14
ETR,20.4B,44.94B,12.76,16.11,3.11,1.94,1.85,4.27,11.65,0.55
ETSY,23.96B,22.5B,53.54,50.4,1.26,11.7,34.95,10.98,39.16,1.55
EVRG,14.1B,24.79B,18.92,17.57,3.29,2.61,1.58,4.58,11.31,0.37
EW,66.35B,64.33B,79.13,42.36,2.84,14.83,14.25,14.38,44.42,1.09
EXC,43.77B,85.58B,40.35,14.78,-35.72,1.28,1.37,2.5,9.94,0.43
EXPD,21.52B,19.79B,25.31,24.64,2.63,1.86,7.48,1.71,16.17,0.79
EXPE,23.81B,31.15B,,25.43,-146.65,5.62,15.41,7.35,-25.24,1.77
EXR,22.95B,27.99B,38.81,37.38,5.33,16.31,7.85,19.89,30.47,0.19
F,57.56B,183.46B,14.51,8.1,0.2,0.45,1.7,1.42,21.71,1.15
FANG,16.3B,24.31B,,7.84,0.21,5.54,1.53,8.27,20.55,2.75
FAST,30.54B,29.96B,35.21,31.09,4.21,5.36,10.96,5.26,22.78,1.25
FB,998.34B,913.65B,30.17,23.13,0.97,10.58,7.48,9.68,20.13,1.3
FBHS,13.32B,17.61B,21.71,15.62,2.14,2.06,4.63,2.73,15.76,1.65
FCX,52.36B,72.24B,29.1,10.15,0.36,3.22,4.79,4.45,11.83,2.16
FDX,79.36B,109.21B,26.33,12.56,1.11,0.95,3.61,1.3,9.3,1.25
FE,20.14B,43.01B,15,14.18,-7.95,1.9,2.74,4.05,11.42,0.23
FFIV,11.11B,11.23B,41.29,15.95,1.7,4.5,5.54,4.55,21.74,1.05
FIS,90.97B,108.7B,584.92,19.52,1.39,7.16,1.84,8.56,25.67,0.85
FISV,73.4B,94.04B,86.28,17.15,1.27,4.95,2.3,6.34,18.74,0.89
FITB,26.38B,40.36B,13.8,11.6,-3.83,3.56,1.31,5.45,,1.59
FLT,20.95B,28.01B,30.95,17.13,1.49,8.77,6.27,11.73,23.7,1.45
FMC,13.8B,17.25B,26.52,13.25,1.82,3.01,4.59,3.76,14.37,0.99
FOX,20.3B,23.63B,10.12,14.46,2.72,1.63,1.79,1.9,7.59,1.27
FOXA,20.4B,24.73B,10.71,13.12,1.68,1.64,1.89,1.99,7.95,1.27
FRC,34.72B,39.46B,30.76,25.35,1.45,8.56,3.21,9.73,,1.11
FRT,9.13B,13.47B,72.49,61.81,9.76,11.21,3.91,16.55,28.5,1.16
FTNT,41.98B,37.01B,86.96,59.09,3.49,15.39,42.8,13.57,61.61,1.11
FTV,23.89B,25.79B,15.07,24.51,2.9,4.99,2.65,5.39,24.05,1.23
GD,54.03B,66.3B,17.16,15.37,2.58,1.4,3.45,1.72,12.96,1.13
GE,113.16B,162.89B,,24.79,17.4,1.46,3.37,2.11,28.81,1.07
GILD,85.3B,107.03B,283.38,10.21,3.13,3.34,4.5,4.19,8.06,0.4
GIS,36.07B,49.69B,14.36,15.36,3.78,1.94,4.07,2.67,11.92,0.56
GL,9.69B,11.56B,13.77,11.36,1.91,1.99,1.4,2.37,11.32,1.14
GLW,34.54B,42.91B,28.77,17.05,0.82,2.83,2.81,3.52,13.11,1.16
GM,85.2B,181.15B,9.48,8.55,0.68,0.7,1.7,1.48,11.37,1.36
GNRC,28.03B,25.26B,62.49,39.23,4.1,9.95,18.38,8.97,37.01,0.9
GOOG,1.72T,1.59T,34.91,27.6,1.27,8.76,7.64,8.07,25.21,1.02
GOOGL,1.72T,1.44T,33.94,26.85,1.26,8.76,7.43,7.32,22.84,1
GPC,18.44B,20.41B,349.75,19.79,4.38,1.09,5.55,1.21,14.81,1.13
GPN,56.42B,64.6B,89.76,20.35,1.43,7.51,2.11,8.6,22.22,1.2
GPS,11.89B,17.76B,27.41,14.38,3.81,0.76,4.23,1.13,17.44,1.67
GRMN,28.65B,26.73B,27.27,24.81,4.1,6.51,5.01,6.07,21.18,1.05
GS,127.74B,-162.42B,9.34,10.44,0.45,2.48,1.51,-3.16,,1.49
GWW,23.72B,25.16B,32.3,20.02,1.37,2,13.06,2.12,16.35,1.21
HAL,19.65B,26.82B,,15.56,0.38,1.53,3.8,2.09,19.42,2.92
HAS,13.42B,16.49B,32.9,18.98,1.26,2.45,4.6,3.01,16.32,0.98
HBAN,20.9B,14.69B,12.39,10.04,-5.01,4.67,1.32,3.28,,1.37
HBI,6.34B,10.06B,,10.8,1.32,0.91,13.08,1.44,9.47,1.54
HCA,72.49B,102.29B,16.38,14.39,1.09,1.38,296.26,1.94,9.51,1.65
HD,337.11B,368.76B,23.11,21.28,2.13,2.38,193.21,2.61,14.77,1.05
HES,25.88B,33.93B,,23.64,-1.7,5.08,4.58,6.66,13.15,2.22
HIG,22.36B,23.27B,13.35,9.39,2.19,1.07,1.29,1.12,7.62,1.08
HII,8.15B,9.87B,12.21,13.93,19.33,0.87,4.13,1.05,9.11,1
HLT,34.39B,43.76B,,30.33,0.24,26.49,,33.72,247.25,1.3
HOLX,17.59B,18.87B,9.43,16.66,4.14,3.31,4.64,3.55,6.52,1.17
HON,155.64B,159.44B,34.3,24.65,2.27,4.77,8.65,4.89,20.84,1.18
HPE,17.97B,30.97B,27.91,7.06,0.74,0.65,1.08,1.12,6.79,1.24
HPQ,33.86B,38.96B,10.13,7.87,0.58,0.55,,0.64,7.14,1.04
HRL,25.55B,25.42B,29.09,24.94,3.8,2.59,3.8,2.58,18.99,-0.08
HSIC,11.03B,12.43B,24.89,17.52,1.08,1.04,3.21,1.17,15.76,0.86
HST,11.69B,16.8B,,92,-0.79,12.41,1.9,17.84,-41.59,1.43
HSY,36.42B,38.87B,26.18,24.17,2.67,4.33,16.14,4.62,17.16,0.34
HUM,59.39B,47.6B,16.35,18.7,1.52,0.75,4.19,0.6,8.78,0.88
HWM,14.28B,18.99B,,22.07,0.99,2.95,,3.93,18.95,1.73
IBM,125.34B,174.12B,23.47,11.64,0.8,1.7,5.86,2.36,11.01,1.23
ICE,66.79B,82.87B,31.7,22.52,2.74,10.65,3.35,13.21,21.7,0.74
IDXX,56.51B,53.58B,85.26,72.81,3.95,19.77,80.49,18.75,59.82,0.89
IEX,16.97B,16.71B,43.9,32.52,2.92,7.04,6.51,6.93,26.05,1.09
IFF,36.19B,48.69B,45.31,21.91,3.16,5.84,2.46,7.85,36.66,0.98
ILMN,70.59B,53.49B,112.97,67.06,3.48,20.33,14.34,15.4,71.51,0.97
INCY,17.73B,16.82B,36.96,18.08,1.36,6.56,6.5,6.22,29.25,0.8
INFO,47.32B,49.34B,83.7,31.72,3.02,10.94,5.12,11.4,30.63,0.98
INTC,229.64B,239.09B,12.76,12.44,2.34,2.96,2.88,3.08,6.9,0.6
INTU,138.46B,136.06B,64.24,46.96,2.82,15.58,13.92,15.31,47.54,1
IP,24.07B,31.44B,25.06,11.09,0.45,1.17,3.1,1.53,10.5,1.06
IPG,12.73B,16.38B,29.18,13.77,0.97,1.57,4.43,2.02,11.21,1.04
IPGP,11.15B,8.82B,70.02,31.65,0.92,9.29,4.29,7.34,27.04,1.4
IQV,47.84B,56.95B,118.87,25.32,1.36,3.98,8.03,4.74,28.75,1.46
IR,20.38B,21.89B,,23.81,1.65,3.65,2.27,3.92,21.72,1.52
IRM,12.76B,23.79B,37.17,28.7,14.94,3.07,11.21,5.72,16.84,0.82
ISRG,113.23B,96.01B,98.38,60.33,5.96,24.88,11.15,21.1,65.71,1
IT,22.01B,23.28B,64.53,41.04,1.74,5.26,24.97,5.56,29.34,1.59
ITW,71.85B,77.29B,32.64,24.41,1.9,5.57,21.95,6,22.31,1.1
IVZ,12.2B,18.43B,17.29,8.75,0.43,1.97,1.16,2.97,11.98,1.31
J,17.3B,20.91B,,18.69,1.63,1.26,,1.52,18.84,0.89
JBHT,17.64B,17.83B,32.53,21.85,1.18,1.77,6.48,1.79,13.71,1.03
JCI,49.9B,56.32B,48.35,21.82,1.37,2.24,2.82,2.53,17.16,1.12
JKHY,12.37B,12.4B,42.99,36.72,3.95,7.2,9.41,7.22,27.62,0.59
JNJ,445.76B,451.33B,29.9,16.24,2.31,5.29,6.77,5.36,15.95,0.71
JNPR,9B,9.11B,44.49,14.52,1.89,1.99,2.03,2.01,13.85,0.85
JPM,471.17B,-244.79B,12.35,12.98,8.95,3.98,1.89,-2.07,,1.18
K,21.51B,29.93B,17.12,15.04,4.84,1.54,6.85,2.15,12.62,0.65
KEY,19.48B,32.36B,11.35,10.19,0.86,3.04,1.24,5.05,,1.56
KEYS,29B,27.78B,39.4,24.37,1.74,6.26,8.19,6,21.98,0.92
KHC,47.9B,74.29B,88.6,14.72,-5.8,1.81,0.95,2.81,10.38,1.13
KIM,9.09B,14.24B,8.88,41.12,7.1,8.65,1.6,13.56,24.13,1.52
KLAC,47.76B,48.75B,26.17,18.34,1.29,7.4,15.34,7.55,19.16,1.23
KMB,45.33B,52.73B,20.15,16.94,6.9,2.4,87.57,2.79,12.89,0.52
KMI,41.4B,74.09B,22.76,19.87,3.5,3,1.29,5.37,11.48,1.12
KMX,21.49B,34.82B,29.15,18.71,1.25,1.07,4.93,1.73,27.09,1.65
KO,237.23B,266.93B,32.95,23.31,2.72,7.1,11.65,7.98,22.65,0.61
KR,28.48B,47.45B,19.74,12.52,1.22,0.22,3.09,0.36,8.62,0.35
KSU,24.42B,29.67B,40.43,25.5,1.91,9.37,5.76,11.38,21.55,1.1
L,14.28B,19.75B,,,,1.09,0.83,1.51,15.21,0.93
LB,20.67B,23.95B,24.71,13.03,0.57,1.74,,2.02,10,1.79
LDOS,14.8B,19.37B,24.02,14.49,1.53,1.16,3.85,1.52,13.43,0.94
LEG,6.62B,8.61B,23.33,16.35,3.45,1.51,4.55,1.96,13.68,1.5
LEN,29.35B,33.4B,8.88,7,0.73,1.2,1.51,1.37,7.45,1.49
LH,27.33B,30.61B,10.4,17.44,-1.07,1.78,2.73,2,6.9,1.05
LHX,46.04B,52.35B,30.55,15.49,1.56,2.54,2.17,2.89,14.43,0.75
LIN,150.66B,161.21B,52.73,26.2,3.21,5.43,3.26,5.81,17.8,0.8
LKQ,15.26B,18.21B,20.25,14.89,0.43,1.29,2.61,1.54,12.38,1.67
LLY,225.66B,210.78B,35.22,27.55,1.57,8.85,31.01,8.27,24.82,0.24
LMT,105.01B,115.73B,15.25,13.55,2.73,1.59,16.64,1.75,11.33,0.98
LNC,11.92B,13.45B,17.96,5.74,0.18,0.68,0.61,0.77,12.48,2.24
LNT,14.14B,21.5B,23.05,20.63,3.97,4.16,2.45,6.32,15.82,0.33
LOW,137.33B,157.67B,21.19,16.37,0.95,1.46,312.35,1.67,11.42,1.34
LRCX,89.09B,87.43B,26.41,19.24,0.77,6.71,16.58,6.59,20.71,1.28
LUMN,14.7B,46.87B,,9.5,2.64,0.72,,2.29,5.53,1.09
LUV,30.5B,30.7B,,16.17,2.01,4.44,3.35,4.47,-5.97,1.25
LVS,38.57B,58.21B,,21.04,-67.77,11.37,14.43,17.17,-106.22,1.49
LW,11.4B,13.73B,45.59,24.99,3.5,3.25,25.25,3.91,20.95,0.77
LYB,34.11B,49.59B,14.57,7.52,0.13,1.16,3.88,1.69,11.66,1.54
LYV,17.88B,24.06B,,104.85,-0.3,22.75,,30.61,-18.01,1.37
MA,380.27B,378.04B,58.87,36.79,2.34,24.62,60.16,24.47,43.25,1.19
MAA,20.68B,24.27B,79.02,69.48,9.76,12.28,3.56,14.4,25.85,0.65
MAR,45.05B,56.45B,,29.19,0.11,25.44,192.41,31.87,84.13,1.89
MAS,14.81B,17.2B,19.51,14.7,1.43,1.95,,2.27,11.17,1.35
MCD,176.22B,221.04B,34.27,24.73,1.32,8.98,,11.27,23.86,0.63
MCHP,39.37B,48.85B,111.57,16.85,1.77,7.24,7.38,8.98,22.69,1.67
MCK,30.13B,34.61B,,9.14,0.99,0.13,,0.14,8.64,0.88
MCO,70.2B,72.48B,34.99,30.86,2.91,12.36,34.58,12.76,24.6,1.17
MDLZ,88.6B,106.95B,23.89,20.21,2.11,3.27,3.27,3.94,17.98,0.67
MDT,173.1B,183.58B,47.89,20.25,2.02,5.75,3.33,6.1,22.5,0.8
MET,51.49B,133.88B,10.33,8.31,1.86,0.76,0.7,1.97,16.23,1.34
MGM,19.94B,41.91B,,193.57,-0.39,4.58,3.17,9.63,-52.12,2.45
MHK,13.56B,15.08B,3.9,13.27,3.78,1.36,1.6,1.52,9.78,1.57
MKC,22.89B,28.37B,30.19,27.12,5.02,3.9,5.52,4.83,22.63,0.46
MKTX,17.43B,17.08B,57.38,51.17,6.67,24.36,17.64,23.86,40.38,0.38
MLM,21.95B,26.16B,30.5,25.31,2.39,4.95,3.72,5.9,19.55,0.64
MMC,71.73B,82.02B,32.24,22.97,2.01,4.06,7.61,4.64,17.31,0.9
MMM,115.7B,128.12B,20.43,18.92,2.59,3.51,8.41,3.89,13.64,0.96
MNST,48.64B,46.14B,33.93,30.57,2.51,10.17,8.91,9.65,26.5,1.1
MO,87.09B,111.03B,20.09,9.72,2.31,4.21,29.78,5.37,9.34,0.64
MOS,11.88B,15.98B,11.63,11.72,1.57,1.29,1.23,1.74,9.54,1.86
MPC,37.42B,78.02B,,16.35,-2.65,0.54,1.68,1.12,100.67,2.17
MPWR,17.73B,16.1B,105.31,50.19,2.04,19,17.35,17.25,78,0.9
MRK,196.51B,222.13B,28.03,11.67,1.35,4.09,7.29,4.63,11.95,0.42
MRO,10.34B,15.5B,,19.01,-0.54,3.16,0.97,4.74,10.89,3.23
MS,173.43B,-31.17B,12.19,13.28,1.83,3.17,1.77,-0.57,,1.54
MSCI,45.96B,45.33B,71.97,51.58,3.3,26.16,,25.8,45.66,0.96
MSFT,2.12T,2.05T,38.29,33.57,1.95,13.23,15.74,12.8,27.09,0.79
MSI,37.7B,40.95B,38.69,22.79,1.69,5.01,,5.44,20.03,0.77
MTB,18.16B,-9.62B,12.45,11.85,0.85,3.36,1.2,-1.78,,1.19
MTD,33.56B,33.55B,52.97,41.35,2.22,10.36,165.6,10.35,36.3,1.02
MU,87.98B,88.64B,27.9,7.3,0.25,3.74,2.16,3.77,9.18,1.25
MXIM,27B,25.95B,34.79,29.25,1.46,10.98,12.56,10.56,26.96,1.2
NCLH,9.65B,20.38B,,66.9,0.18,267.16,2.2,564.14,-13.56,2.87
NDAQ,29.39B,34.72B,29.12,24.77,2.64,4.96,4.65,5.86,20.57,0.85
NEE,146.83B,204.92B,35.48,27.42,3.86,8.58,3.93,11.98,24.63,0.17
NEM,50.77B,52.12B,19.88,16.5,2.28,4.31,2.19,4.42,8.7,0.28
NFLX,239.74B,243.54B,65.43,41.72,1.09,9.08,18.61,9.23,42.65,0.75
NI,9.79B,20.46B,65.2,17.71,5.4,2.12,1.94,4.43,12.04,0.31
NKE,255.31B,210.62B,75.54,31.75,1.78,6.63,21.4,5.47,40.59,0.85
NLOK,15.77B,18.53B,,14.17,0.84,6.18,,7.26,15.42,1.05
NLSN,8.49B,15.06B,14.6,13.77,3.12,1.35,2.85,2.39,12.44,1.46
NOC,59.14B,70.24B,13.53,14.36,2.38,1.58,5.62,1.88,12.85,0.83
NOV,5.82B,6.89B,,67.77,-1.56,1.07,1.15,1.26,-33.46,2.31
NOW,110.44B,107.16B,735.96,79.45,4.91,22.85,36.36,22.17,174.74,0.93
NRG,9.94B,19.3B,32.5,7.45,0.3,0.66,6.55,1.27,11.17,0.83
NSC,65.38B,78.24B,28.93,20.01,1.48,6.67,4.47,7.98,16.66,1.3
NTAP,17.93B,16.41B,24.82,15.72,1.76,3.12,25.98,2.86,14.87,1.26
NTRS,23.89B,22.11B,20.47,15.62,0.94,3.94,2.26,3.65,,1.11
NUE,28.52B,31.68B,17.69,12.69,0.59,1.32,2.49,1.47,9.67,1.4
NVDA,504.63B,494.72B,95.74,46.96,1.46,26.21,26.88,25.69,70.95,1.38
NVR,17.53B,16.38B,19.41,13.14,3.19,2.19,5.76,2.04,12.74,1.01
NWL,11.25B,16.72B,18.82,14,4.02,1.15,2.93,1.71,12.46,0.95
NWS,14.67B,15.66B,,,,1.66,1.72,1.78,14.79,1.58
NWSA,14.52B,16.76B,,36.04,0.8,1.65,1.83,1.9,15.83,1.58
NXPI,56.25B,62.71B,135.82,19.19,1.27,6.14,6.77,6.85,23.55,1.43
O,25.57B,34.09B,70.87,41.49,8.59,15.22,2.22,20.29,22.33,0.73
ODFL,29.87B,28.77B,41.06,28.88,1.64,7.19,9.4,6.93,22.96,1.02
OKE,24.91B,38.7B,21.62,16.07,1.71,2.6,4.09,4.03,14.35,1.96
OMC,16.75B,20.59B,17.27,12.13,1.42,1.27,5.22,1.56,10.3,0.92
ORCL,243.1B,260.86B,19.14,17.01,1.52,6.01,46.79,6.44,14.53,0.78
ORLY,41.11B,44.65B,22.12,21.25,1.92,3.36,,3.65,14.83,1.08
OTIS,35.85B,39.74B,,26.69,2.43,2.72,,3.01,18.4,
OXY,28.08B,74.05B,,-88.47,10.99,1.7,3.29,4.49,12.38,2.5
PAYC,22.39B,20.73B,149.41,67.76,3.57,25.7,28.81,23.79,94.06,1.39
PAYX,40.23B,37.19B,38.23,31.18,4.24,10.2,13.51,9.43,23.2,0.89
PBCT,6.96B,4.08B,31.88,12.48,0.97,3.64,0.95,2.13,,1.21
PCAR,30.41B,36.98B,21.57,12.37,0.63,1.57,2.84,1.9,17.13,1.03
PEAK,18.58B,24.41B,,82.1,37.22,10.81,,14.2,29.92,0.67
PEG,30.22B,47.54B,15.91,17.24,7.16,3.11,1.89,4.89,12.35,0.56
PENN,11.06B,21.09B,338.56,23.59,0.26,2.96,4.04,5.64,28.46,2.58
PEP,211.33B,243.67B,28.32,23.25,2.57,2.96,15.16,3.42,18.91,0.61
PFE,221.95B,245.56B,20.09,11.53,0.82,4.78,3.23,5.29,14.6,0.67
PFG,16.73B,19.21B,10.46,8.97,0.87,1.25,1.09,1.43,8.58,1.65
PG,335.33B,347.83B,25.18,23.1,2.69,4.48,7.33,4.65,16.64,0.41
PGR,57.24B,59.09B,8.89,16.77,-1.79,1.28,3.3,1.32,6.77,0.47
PH,39.98B,44.35B,26.29,18.16,1.39,2.95,5.41,3.27,16.08,1.78
PHM,13.59B,14.86B,9.27,5.91,0.39,1.18,2.04,1.29,7.4,1.46
PKG,13.06B,14.7B,26.95,16.43,1.46,1.93,3.89,2.18,11.41,0.91
PKI,17.17B,19.12B,16.01,25.02,0.36,3.87,4.29,4.31,11.4,1.11
PLD,92.92B,110.68B,69.21,58.7,-9.2,19.02,2.91,22.66,32.95,0.75
PM,152.28B,182.39B,17.64,14.52,1.19,5.23,,6.26,13.61,0.86
PNC,80.42B,103.59B,9.89,13.91,-8.51,5.33,1.6,6.87,,1.38
PNR,11.61B,12.01B,28.22,20.31,1.37,3.66,5.29,3.79,19.83,1.14
PNW,9.37B,16.37B,16.9,16.23,4.92,2.59,1.65,4.52,10.53,0.29
POOL,18.89B,17.91B,44.24,35.54,1.96,4.37,28.69,4.14,30.54,0.73
PPG,40.29B,44.91B,33.89,19.01,2.31,2.81,6.9,3.13,18.76,1.14
PPL,21.49B,37.28B,,16.24,-1.36,2.8,1.86,4.86,8.35,0.77
PRGO,6.15B,9.39B,,16.09,1.64,1.23,1.08,1.88,11.39,1.19
PRU,39.46B,48.02B,14.88,7.7,0.68,0.65,0.68,0.79,13.16,1.69
PSA,54.29B,62.79B,46.25,38.26,2.05,17.88,11.28,20.68,30.14,0.1
PSX,35.75B,55.97B,,11.83,-2.34,0.55,1.99,0.86,-51.35,1.68
PTC,16.72B,17.19B,76.06,37.26,2.03,10.23,10.13,10.52,43.82,1.21
PVH,7.47B,11.63B,122.85,12.4,-2.81,0.95,1.54,1.48,15.15,2.38
PWR,12.5B,13.94B,26.1,18.06,1.31,1.12,2.86,1.25,14.72,1.26
PXD,38.35B,45.29B,,9.66,0.17,4.75,1.88,5.61,34.54,1.94
PYPL,353.82B,333.48B,68.64,51.22,2.44,15.47,18.19,14.58,67.03,1.16
QCOM,159.25B,157.08B,20.22,16.42,0.66,5.42,21.47,5.34,15.14,1.34
QRVO,21.71B,20.44B,30.5,15.42,0.96,5.41,4.69,5.09,14.65,1.39
RCL,19.99B,38.3B,,37.93,-0.11,91.65,2.18,175.62,-16.08,2.85
RE,9.81B,10.22B,11.68,8.02,0.14,0.95,1.01,0.99,,0.65
REG,11B,14.67B,73.87,42.34,4.83,10.59,1.84,14.11,24.69,1.13
REGN,61.48B,57.03B,16.43,14.42,2.66,6.82,4.99,6.33,14.42,0.19
RF,18.96B,20.83B,12.97,10.01,-0.46,3.35,1.17,3.68,,1.57
RHI,9.8B,9.52B,30.09,19.14,0.79,1.96,8.05,1.9,25.46,1.58
RJF,18.34B,5.27B,17.83,14.35,0.7,2.17,2.41,0.62,,1.24
RL,8.43B,9.6B,,15.5,0.44,1.92,3.22,2.18,21.47,1.53
RMD,36.2B,36.03B,79.5,44.18,1.69,11.71,13.36,11.66,35.31,0.28
ROK,33.83B,35.2B,21.48,29.38,2.5,5.36,18.62,5.58,28.83,1.35
ROL,17.39B,16.8B,56.1,51.22,6.19,7.87,17.58,7.61,34.33,0.51
ROP,50.7B,59.38B,51.08,29.92,2.6,8.89,4.71,10.41,28.97,1.03
ROST,43.81B,43.46B,50.25,23.19,0.63,2.88,11.99,2.86,22.92,1.04
RSG,35.93B,43.75B,35.41,26.68,3.29,3.52,4.16,4.29,14.43,0.71
RTX,129.28B,157B,,17.24,0.9,2.14,,2.6,22.4,1.06
SBAC,35.99B,49B,266.52,92.72,1.24,17.02,,23.17,34.77,0.2
SBUX,140.87B,151.32B,140.81,33.21,0.74,5.91,,6.35,44.57,0.88
SCHW,135.48B,88.68B,30.98,20.82,1.21,9.83,3.01,6.43,,1.08
SEE,8.71B,12.45B,17.64,14.68,1.58,1.74,51.01,2.49,12.54,1.26
SHW,73.95B,83.53B,35.94,26.46,2.48,3.92,24.01,4.43,22.93,1.08
SIVB,31.44B,28.25B,19.05,22.58,2.57,6.91,3.55,6.21,,2.07
SJM,14.06B,18.6B,16.65,14.15,5.87,1.76,1.73,2.32,10.19,0.32
SLB,42.8B,57.69B,,19.01,0.47,2,3.41,2.7,14.66,2.42
SNA,12.09B,12.56B,17.95,15.85,1.81,2.94,3.12,3.05,11.77,1.29
SNPS,42.43B,40.28B,54.12,37.73,2.7,10.65,8.34,10.11,44.6,1.03
SO,64.94B,122.57B,19.29,17.28,3.02,3.05,2.28,5.76,12.83,0.44
SPG,41.6B,70.09B,35.62,26,3.09,9.26,13.76,15.6,21.81,1.56
SPGI,98.52B,99.66B,40.26,29.34,2.87,12.84,95.46,12.99,23.25,0.97
SRE,40.41B,67.23B,10.05,15.62,3.92,3.48,1.78,5.8,15.31,0.65
STE,20.8B,19.14B,45.08,25.8,2.52,6.69,4.59,6.16,22.68,0.55
STT,29.07B,-60.47B,13.77,10.42,0.9,2.52,1.26,-5.24,,1.6
STX,20.26B,23.4B,22.37,,,1.99,41.98,2.3,13.66,1.17
STZ,43.45B,54.31B,21.84,19.35,2.62,5.04,3.21,6.3,16.67,1.2
SWK,33.44B,37.4B,21.03,17.01,1.41,2.14,3.38,2.4,12.26,1.44
SWKS,31.3B,27.12B,26.24,17.47,1.15,7.15,6.64,6.2,15.78,1.08
SYF,28.29B,27.38B,13.67,8.99,2.42,4.21,2.22,4.08,,1.84
SYK,98.59B,109.05B,70.89,25.3,2.22,6.7,7.3,7.41,28.4,0.97
SYY,37.5B,47.99B,,22.08,2.2,0.85,26.86,1.09,33.1,1.42
T,201.85B,419.86B,,9.06,7.04,1.17,1.22,2.43,8.01,0.74
TAP,11.22B,20.14B,,12.22,3.7,1.19,0.89,2.13,8.7,1.14
TDG,35.6B,53.85B,238.79,37.77,3.75,7.92,,11.98,31.6,1.67
TDY,20.35B,15.79B,40.94,28.23,1.7,6.55,4.86,5.08,23.79,1.12
TEL,45.44B,46.42B,42.49,20.36,1.99,3.48,4.7,3.55,17.1,1.35
TER,21.08B,20.27B,28.83,21.97,1.81,6.59,9.08,6.34,19.16,1.28
TFC,73.58B,84.89B,,11.19,1.4,3.49,,4.03,,1.34
TFX,19.57B,20.33B,71.07,28.16,3.08,7.7,5.8,8,30.48,1.18
TGT,124.55B,124.83B,20.55,20.67,1.28,1.27,8.35,1.27,11.54,1
TJX,81.61B,85.52B,54.72,21.47,0.21,2.16,13.29,2.26,28.3,0.98
TMO,202.13B,207.23B,25.88,26.05,4.41,5.63,5.77,5.77,16.73,0.76
TMUS,184.24B,285.48B,55.83,45.19,1.71,2.39,2.81,3.71,10.66,0.57
TPR,11.59B,13.66B,34.34,13.07,0.31,2.39,3.84,2.82,13.72,1.56
TRMB,20.74B,21.15B,47.23,29.63,3.05,6.4,5.65,6.53,30.18,1.53
TROW,46.6B,39.58B,17.44,15.88,0.98,7.09,5.82,6.02,12.67,1.18
TRV,38.47B,38.2B,13.83,12.45,1.87,1.19,1.36,1.18,8.37,0.75
TSCO,21.52B,23.37B,25.86,24.09,2.83,1.88,11.65,2.04,15.26,1.04
TSLA,644.02B,629.31B,669.88,108.35,3.69,17.92,27.97,17.51,138.28,2
TSN,26.18B,36.56B,12.35,11.11,3.33,0.61,1.64,0.85,7.11,0.84
TT,45.72B,45.13B,,27.79,2.09,3.56,,3.52,22.36,1.23
TTWO,20.16B,16.57B,34.1,24.62,2.73,5.98,5.69,4.91,21.82,0.56
TWTR,55.55B,50.41B,,64.44,2.1,14.08,7.16,12.78,79.72,0.74
TXN,176.58B,173.34B,28.96,24.39,2.57,11.45,17.36,11.24,23.61,1.03
TXT,15.05B,17.5B,35.49,17.55,0.73,1.28,2.51,1.49,15.99,1.8
TYL,19.43B,17.73B,108.19,60.44,6.78,17.12,9.42,15.62,77.87,0.57
UA,8.95B,9.03B,70.89,39.76,3.71,1.86,4.72,1.88,23.81,1.27
UAA,8.82B,10.25B,80.04,40.49,3.46,1.84,5.33,2.13,27.02,1.27
UAL,15.69B,39.34B,,16.84,0.16,1.48,3.01,3.71,-4.44,1.7
UDR,15.41B,21.15B,264.8,346,-32.9,12.41,5.21,17.03,28.34,0.73
UHS,13.01B,16.24B,12.96,12.48,1.76,1.11,1.99,1.38,8.39,1.18
ULTA,18.79B,19.86B,109.1,24.38,0.51,2.72,9.55,2.87,18.4,1.7
UNH,394.98B,416.43B,23.8,19.59,1.67,1.5,5.95,1.58,15.86,0.78
UNM,5.65B,7.72B,7.18,5.12,2.03,0.42,0.53,0.58,6.12,1.73
UNP,145.6B,172.46B,28.37,20.11,1.74,7.54,8.97,8.93,17.35,1.14
UPS,185.16B,196.35B,35.68,18.29,1,2.07,25.72,2.19,21.23,1.05
URI,22.76B,31.51B,24.79,13.13,1.25,2.69,4.8,3.72,13.93,2.06
USB,85.21B,104.33B,15.02,12.97,2.05,4.1,1.86,5.03,,1.16
V,533.26B,506.5B,50.09,34.38,2.18,24.97,15.07,23.72,35.18,1
VFC,32.08B,38.06B,78.25,22.22,1.33,3.47,10.49,4.12,39.3,0.97
VIAC,27.68B,42.31B,,10.44,-3,1.06,,1.62,8,1.67
VLO,28.81B,46.89B,,12.09,-4.8,0.49,1.62,0.79,19.37,2.15
VMC,23.02B,25.05B,33.8,28.54,2.23,4.72,3.75,5.14,18.9,0.58
VNO,8.72B,18.5B,,77.2,18.53,5.6,1.69,11.88,28.49,1.39
VRSK,29.37B,30.92B,42.13,30.81,4.31,10.41,10.68,10.96,24.11,0.78
VRSN,25.73B,26.16B,41.37,37.09,4.82,20.16,,20.5,29.89,0.81
VRTX,51.34B,42.87B,18.9,15.94,1.66,8,5.72,6.68,13.64,0.67
VTR,22.11B,33.56B,,2947.5,337.04,5.95,2.22,9.04,23.33,1.29
VTRS,16.82B,40.94B,,3.79,-1.48,1.22,,2.98,9.32,1.5
VZ,232.22B,405.49B,12.3,10.87,3.81,1.79,3.26,3.13,8.37,0.46
WAB,15.65B,19.68B,37.96,17.18,2.5,2.1,1.54,2.64,15.67,1.66
WAT,22.73B,22.33B,37.31,33.53,3.89,9.06,98.67,8.9,25.04,0.8
WBA,40.9B,87.01B,,9.1,4.1,0.29,1.94,0.61,20.88,0.46
WDC,21.48B,27.75B,61.31,7.8,0.39,1.32,2.16,1.7,13.47,1.6
WEC,28.99B,42.93B,23.15,21.42,3.89,3.7,2.69,5.49,15.51,0.18
WELL,36.31B,48.45B,49.64,89.66,8.98,8.25,2.3,11.01,28.36,1.03
WFC,179.02B,4B,29.69,12.18,0.1,2.81,1.07,0.06,,1.32
WHR,13.7B,18.03B,10.2,9.44,1.29,0.67,3.26,0.88,6.35,1.88
WLTW,28.89B,33.88B,20.48,16.43,2.56,3.05,2.51,3.58,14.14,0.82
WM,60.16B,74.88B,38.94,26.15,2.13,3.86,8.1,4.8,16.77,0.8
WMB,31.83B,57.38B,27.64,21.13,3.96,3.78,2.73,6.82,12.99,1.53
WMT,393.93B,438.77B,32.54,22.49,3.26,0.7,5.03,0.78,11.06,0.47
WRB,13.32B,13.95B,18.47,16.65,0.78,1.58,2.08,1.65,10.49,0.83
WRK,13.59B,23.55B,,10.38,0.59,0.77,1.24,1.34,8.87,1.27
WST,27.51B,26.42B,66.93,47.84,1.75,11.83,15.04,11.36,42.19,0.99
WU,9.61B,11.15B,12.97,10.25,1.39,1.98,43.95,2.3,9.28,1.02
WY,25.93B,29.9B,19.48,19.78,2.11,3.12,2.78,3.6,10.82,1.88
WYNN,12.98B,23.2B,,75.37,-0.31,6.95,54.76,12.42,-57.57,2.46
XEL,36.37B,59.53B,23.31,21.32,3.82,2.97,2.47,4.86,13.87,0.3
XLNX,32.94B,30.64B,51.13,34.98,4.43,10.46,11.41,9.73,32.6,1.01
XOM,257.74B,326.75B,,13.41,1.44,1.42,1.64,1.79,18.25,1.42
XRAY,13.54B,16.05B,78.78,19.31,0.88,3.87,2.75,4.59,23.46,0.93
XYL,21.74B,22.34B,72.32,36.82,1.95,4.34,7.4,4.46,27.38,1.02
YUM,34.88B,45.93B,31.32,24.91,1.94,5.94,,7.82,22.41,1.03
ZBH,32.74B,41.82B,57.61,17.91,1.98,4.62,2.63,5.9,20.96,1.36
ZBRA,28.55B,28.17B,44.73,29,2.7,6.02,11.84,5.94,29.4,1.59
ZION,8.42B,1.37B,10.45,11.85,-0.31,3.01,1.14,0.49,,1.58
ZTS,94.63B,92.33B,53.72,39.31,2.96,13.49,23.15,13.17,31.73,0.64
